{"cameraMode":{"drawMode":0,"name":"Shaded","section":"Shading Mode"},"sceneLighting":false,"audioPlay":false,"sceneViewState":{"m_AlwaysRefresh":false,"showFog":true,"showSkybox":false,"showFlares":true,"showImageEffects":true,"showParticleSystems":true,"showVisualEffectGraphs":true,"m_FxEnabled":true},"in2DMode":false,"pivot":{"x":0.58855801820755,"y":1.0918679237365723,"z":0.04887853562831879},"rotation":{"x":0.30378487706184389,"y":0.039082542061805728,"z":-0.010250368155539036,"w":0.9522827863693237},"size":1.2653888463974,"orthographic":false}