{"cameraMode":{"drawMode":0,"name":"Shaded","section":"Shading Mode"},"sceneLighting":false,"audioPlay":false,"sceneViewState":{"m_AlwaysRefresh":false,"showFog":true,"showSkybox":false,"showFlares":true,"showImageEffects":true,"showParticleSystems":true,"showVisualEffectGraphs":true,"m_FxEnabled":true},"in2DMode":false,"pivot":{"x":9.5367431640625e-7,"y":1.8246774673461915,"z":-4.76837158203125e-7},"rotation":{"x":0.30378487706184389,"y":0.039082542061805728,"z":-0.010250368155539036,"w":0.9522827863693237},"size":3.4009640216827394,"orthographic":false}