{"cameraMode":{"drawMode":0,"name":"Shaded","section":"Shading Mode"},"sceneLighting":false,"audioPlay":false,"sceneViewState":{"m_AlwaysRefresh":false,"showFog":true,"showSkybox":false,"showFlares":true,"showImageEffects":true,"showParticleSystems":true,"showVisualEffectGraphs":true,"m_FxEnabled":true},"in2DMode":false,"pivot":{"x":2.384185791015625e-7,"y":2.0241832733154299,"z":-1.8774230480194092},"rotation":{"x":0.07526574283838272,"y":0.9018529653549194,"z":-0.16870272159576417,"w":0.39155206084251406},"size":3.0115408897399904,"orthographic":false}