{"cameraMode":{"drawMode":0,"name":"Shaded","section":"Shading Mode"},"sceneLighting":true,"audioPlay":false,"sceneViewState":{"m_AlwaysRefresh":false,"showFog":true,"showSkybox":false,"showFlares":true,"showImageEffects":true,"showParticleSystems":true,"showVisualEffectGraphs":true,"m_FxEnabled":true},"in2DMode":false,"pivot":{"x":-5.21540641784668e-8,"y":0.0332944393157959,"z":-1.862645149230957e-8},"rotation":{"x":0.2404395192861557,"y":0.0076272981241345409,"z":0.0002319115592399612,"w":0.9710254073143005},"size":0.4139154255390167,"orthographic":false}