{"cameraMode":{"drawMode":0,"name":"Shaded","section":"Shading Mode"},"sceneLighting":false,"audioPlay":false,"sceneViewState":{"m_AlwaysRefresh":false,"showFog":true,"showSkybox":false,"showFlares":true,"showImageEffects":true,"showParticleSystems":true,"showVisualEffectGraphs":true,"m_FxEnabled":true},"in2DMode":false,"pivot":{"x":-0.005105257034301758,"y":4.875408172607422,"z":0.12775421142578126},"rotation":{"x":0.0038474572356790306,"y":0.5807664394378662,"z":-0.0018705935217440129,"w":0.8145843148231506},"size":5.9271626472473148,"orthographic":false}