{"cameraMode":{"drawMode":0,"name":"Shaded","section":"Shading Mode"},"sceneLighting":false,"audioPlay":false,"sceneViewState":{"m_AlwaysRefresh":false,"showFog":true,"showSkybox":false,"showFlares":true,"showImageEffects":true,"showParticleSystems":true,"showVisualEffectGraphs":true,"m_FxEnabled":true},"in2DMode":false,"pivot":{"x":0.011009454727172852,"y":2.3999998569488527,"z":-1.9075781106948853},"rotation":{"x":0.2317546010017395,"y":-0.4203243553638458,"z":0.11310506612062454,"w":0.8704325556755066},"size":3.2891108989715578,"orthographic":false}