{"cameraMode":{"drawMode":0,"name":"Shaded","section":"Shading Mode"},"sceneLighting":true,"audioPlay":false,"sceneViewState":{"m_AlwaysRefresh":false,"showFog":true,"showSkybox":true,"showFlares":true,"showImageEffects":true,"showParticleSystems":true,"showVisualEffectGraphs":true,"m_FxEnabled":true},"in2DMode":false,"pivot":{"x":396.3163757324219,"y":372.8860778808594,"z":142.02166748046876},"rotation":{"x":-0.00905520562082529,"y":-0.07062552124261856,"z":0.0006763418205082417,"w":0.9977246522903442},"size":191.7010955810547,"orthographic":false}