{"cameraMode":{"drawMode":0,"name":"Shaded","section":"Shading Mode"},"sceneLighting":true,"audioPlay":false,"sceneViewState":{"m_AlwaysRefresh":false,"showFog":true,"showSkybox":false,"showFlares":true,"showImageEffects":true,"showParticleSystems":true,"showVisualEffectGraphs":true,"m_FxEnabled":true},"in2DMode":false,"pivot":{"x":-5.960464477539063e-8,"y":-0.11511698365211487,"z":0.17675097286701203},"rotation":{"x":0.08679990470409394,"y":-0.8890791535377502,"z":0.19254501163959504,"w":0.4071196913719177},"size":0.5157840847969055,"orthographic":false}