{"cameraMode":{"drawMode":0,"name":"Shaded","section":"Shading Mode"},"sceneLighting":false,"audioPlay":false,"sceneViewState":{"m_AlwaysRefresh":false,"showFog":true,"showSkybox":false,"showFlares":true,"showImageEffects":true,"showParticleSystems":true,"showVisualEffectGraphs":true,"m_FxEnabled":true},"in2DMode":false,"pivot":{"x":0.014530181884765625,"y":2.2758538722991945,"z":0.0026149749755859377},"rotation":{"x":0.16035127639770509,"y":0.5919336080551148,"z":-0.11862381547689438,"w":0.7814064621925354},"size":6.162341594696045,"orthographic":false}