{"cameraMode":{"drawMode":0,"name":"Shaded","section":"Shading Mode"},"sceneLighting":false,"audioPlay":false,"sceneViewState":{"m_AlwaysRefresh":false,"showFog":true,"showSkybox":false,"showFlares":true,"showImageEffects":true,"showParticleSystems":true,"showVisualEffectGraphs":true,"m_FxEnabled":true},"in2DMode":false,"pivot":{"x":0.8319166898727417,"y":1.8588613271713257,"z":0.06717963516712189},"rotation":{"x":-0.0652872696518898,"y":0.03794533759355545,"z":-0.003346842247992754,"w":-0.9974191188812256},"size":2.0486271381378176,"orthographic":false}