{"cameraMode":{"drawMode":0,"name":"Shaded","section":"Shading Mode"},"sceneLighting":false,"audioPlay":false,"sceneViewState":{"m_AlwaysRefresh":false,"showFog":true,"showSkybox":false,"showFlares":true,"showImageEffects":true,"showParticleSystems":true,"showVisualEffectGraphs":true,"m_FxEnabled":true},"in2DMode":false,"pivot":{"x":0.18467457592487336,"y":0.2837727665901184,"z":0.0391702726483345},"rotation":{"x":0.20560602843761445,"y":0.004569067619740963,"z":0.0005917939706705511,"w":0.9789202213287354},"size":0.62558913230896,"orthographic":false}