{"cameraMode":{"drawMode":0,"name":"Shaded","section":"Shading Mode"},"sceneLighting":false,"audioPlay":false,"sceneViewState":{"m_AlwaysRefresh":false,"showFog":true,"showSkybox":false,"showFlares":true,"showImageEffects":true,"showParticleSystems":true,"showVisualEffectGraphs":true,"m_FxEnabled":true},"in2DMode":false,"pivot":{"x":0.0022721290588378908,"y":1.9936630725860596,"z":-1.7195885181427003},"rotation":{"x":0.07526574283838272,"y":0.9018529653549194,"z":-0.16870272159576417,"w":0.39155206084251406},"size":3.052786350250244,"orthographic":false}