{"cameraMode":{"drawMode":0,"name":"Shaded","section":"Shading Mode"},"sceneLighting":true,"audioPlay":false,"sceneViewState":{"m_AlwaysRefresh":false,"showFog":true,"showSkybox":false,"showFlares":true,"showImageEffects":true,"showParticleSystems":true,"showVisualEffectGraphs":true,"m_FxEnabled":true},"in2DMode":false,"pivot":{"x":2.384185791015625e-7,"y":0.34185853600502016,"z":5.960464477539063e-8},"rotation":{"x":0.18175740540027619,"y":-0.008777168579399586,"z":0.0028488223906606437,"w":0.9837150573730469},"size":0.5038114786148071,"orthographic":false}