{"cameraMode":{"drawMode":0,"name":"Shaded","section":"Shading Mode"},"sceneLighting":false,"audioPlay":false,"sceneViewState":{"m_AlwaysRefresh":false,"showFog":true,"showSkybox":false,"showFlares":true,"showImageEffects":true,"showParticleSystems":true,"showVisualEffectGraphs":true,"m_FxEnabled":true},"in2DMode":false,"pivot":{"x":-0.8319166898727417,"y":1.8588613271713257,"z":0.06717963516712189},"rotation":{"x":0.30378487706184389,"y":0.039082542061805728,"z":-0.010250368155539036,"w":0.9522827863693237},"size":2.0486271381378176,"orthographic":false}