{"cameraMode":{"drawMode":0,"name":"Shaded","section":"Shading Mode"},"sceneLighting":false,"audioPlay":false,"sceneViewState":{"m_AlwaysRefresh":false,"showFog":true,"showSkybox":false,"showFlares":true,"showImageEffects":true,"showParticleSystems":true,"showVisualEffectGraphs":true,"m_FxEnabled":true},"in2DMode":false,"pivot":{"x":-4.76837158203125e-7,"y":1.5442392826080323,"z":0.003265678882598877},"rotation":{"x":-0.2661975026130676,"y":0.006266431882977486,"z":-0.0020605793688446285,"w":-0.9641111493110657},"size":2.554849863052368,"orthographic":false}