{"cameraMode":{"drawMode":0,"name":"Shaded","section":"Shading Mode"},"sceneLighting":true,"audioPlay":false,"sceneViewState":{"m_AlwaysRefresh":false,"showFog":true,"showSkybox":false,"showFlares":true,"showImageEffects":true,"showParticleSystems":true,"showVisualEffectGraphs":true,"m_FxEnabled":true},"in2DMode":false,"pivot":{"x":5.960464477539063e-8,"y":0.34185853600502016,"z":-5.960464477539063e-8},"rotation":{"x":-0.11406688392162323,"y":-0.03612780198454857,"z":-0.0023658762220293285,"w":0.9931963682174683},"size":0.4090048670768738,"orthographic":false}