{"cameraMode":{"drawMode":0,"name":"Shaded","section":"Shading Mode"},"sceneLighting":false,"audioPlay":false,"sceneViewState":{"m_AlwaysRefresh":false,"showFog":true,"showSkybox":false,"showFlares":true,"showImageEffects":true,"showParticleSystems":true,"showVisualEffectGraphs":true,"m_FxEnabled":true},"in2DMode":false,"pivot":{"x":0.000315248966217041,"y":-0.9028146266937256,"z":0.16037636995315553},"rotation":{"x":-0.1532924324274063,"y":-0.01573799178004265,"z":0.002364589599892497,"w":-0.9881866574287415},"size":1.247404932975769,"orthographic":false}