{"cameraMode":{"drawMode":0,"name":"Shaded","section":"Shading Mode"},"sceneLighting":false,"audioPlay":false,"sceneViewState":{"m_AlwaysRefresh":false,"showFog":true,"showSkybox":false,"showFlares":true,"showImageEffects":true,"showParticleSystems":true,"showVisualEffectGraphs":true,"m_FxEnabled":true},"in2DMode":false,"pivot":{"x":-7.152557373046875e-7,"y":2.391359806060791,"z":5.960464477539063e-8},"rotation":{"x":0.09113441407680512,"y":0.008932209573686123,"z":0.0004336067650001496,"w":0.9962016344070435},"size":3.2861738204956056,"orthographic":false}