{"cameraMode":{"drawMode":0,"name":"Shaded","section":"Shading Mode"},"sceneLighting":false,"audioPlay":false,"sceneViewState":{"m_AlwaysRefresh":false,"showFog":true,"showSkybox":false,"showFlares":true,"showImageEffects":true,"showParticleSystems":true,"showVisualEffectGraphs":true,"m_FxEnabled":true},"in2DMode":false,"pivot":{"x":-0.004584312438964844,"y":2.115220069885254,"z":-0.0023784637451171877},"rotation":{"x":0.20676784217357636,"y":0.02509530447423458,"z":-0.003999463282525539,"w":0.9784922003746033},"size":3.616637706756592,"orthographic":false}