{"cameraMode":{"drawMode":0,"name":"Shaded","section":"Shading Mode"},"sceneLighting":false,"audioPlay":false,"sceneViewState":{"m_AlwaysRefresh":false,"showFog":true,"showSkybox":false,"showFlares":true,"showImageEffects":true,"showParticleSystems":true,"showVisualEffectGraphs":true,"m_FxEnabled":true},"in2DMode":false,"pivot":{"x":-0.005105257034301758,"y":4.875408172607422,"z":0.12775421142578126},"rotation":{"x":0.2564261257648468,"y":-0.0026933683548122646,"z":0.0020536191295832397,"w":0.9669933915138245},"size":5.9271626472473148,"orthographic":false}