{"cameraMode":{"drawMode":0,"name":"Shaded","section":"Shading Mode"},"sceneLighting":false,"audioPlay":false,"sceneViewState":{"m_AlwaysRefresh":false,"showFog":true,"showSkybox":false,"showFlares":true,"showImageEffects":true,"showParticleSystems":true,"showVisualEffectGraphs":true,"m_FxEnabled":true},"in2DMode":false,"pivot":{"x":-7.450580596923828e-8,"y":0.23925180733203889,"z":-1.4901161193847657e-8},"rotation":{"x":0.16661898791790009,"y":0.0029575603548437359,"z":-0.0005028636660426855,"w":0.9860310554504395},"size":0.41778239607810976,"orthographic":false}