{"cameraMode":{"drawMode":0,"name":"Shaded","section":"Shading Mode"},"sceneLighting":false,"audioPlay":false,"sceneViewState":{"m_AlwaysRefresh":false,"showFog":true,"showSkybox":false,"showFlares":true,"showImageEffects":true,"showParticleSystems":true,"showVisualEffectGraphs":true,"m_FxEnabled":true},"in2DMode":false,"pivot":{"x":7.152557373046875e-7,"y":2.39136004447937,"z":-3.861457109451294},"rotation":{"x":0.0015518907457590104,"y":0.9956781268119812,"z":-0.09709853678941727,"w":0.0033073355443775656},"size":4.770133972167969,"orthographic":false}