{"cameraMode":{"drawMode":0,"name":"Shaded","section":"Shading Mode"},"sceneLighting":false,"audioPlay":false,"sceneViewState":{"m_AlwaysRefresh":false,"showFog":true,"showSkybox":false,"showFlares":true,"showImageEffects":true,"showParticleSystems":true,"showVisualEffectGraphs":true,"m_FxEnabled":true},"in2DMode":false,"pivot":{"x":0.03126811981201172,"y":2.4932122230529787,"z":0.005732536315917969},"rotation":{"x":0.0015518907457590104,"y":0.9956781268119812,"z":-0.09709853678941727,"w":0.0033073355443775656},"size":3.881232738494873,"orthographic":false}